date,volume
2012-11-10,829498.0
2012-11-11,821487.0
2012-11-12,939197.0
2012-11-13,915950.0
2012-11-14,922410.0
2012-11-15,939543.0
2012-11-16,929744.0
2012-11-17,830331.0
2012-11-18,822512.0
2012-11-19,926740.0
2012-11-20,928989.0
2012-11-21,957106.0
2012-11-22,927608.0
2012-11-23,925746.0
2012-11-24,874780.0
2012-11-25,827028.0
2012-11-26,955461.0
2012-11-27,963656.0
2012-11-28,984246.0
2012-11-29,1012836.0
2012-11-30,1021780.0
2012-12-01,922254.0
2012-12-02,914009.0
2012-12-03,999061.0
2012-12-04,1016280.0
2012-12-05,1039052.0
2012-12-06,1059176.0
2012-12-07,1013290.0
2012-12-08,916683.0
2012-12-09,866709.0
2012-12-10,1022650.0
2012-12-11,1077251.0
2012-12-12,1092743.0
2012-12-13,1088929.0
2012-12-14,1038926.0
2012-12-15,899033.0
2012-12-16,880775.0
2012-12-17,992031.0
2012-12-18,1009152.0
2012-12-19,1005163.0
2012-12-20,986454.0
2012-12-21,945981.0
2012-12-22,858103.0
2012-12-23,795216.0
2012-12-24,847396.0
2012-12-25,751625.0
2012-12-26,742080.0
2012-12-27,843101.0
2012-12-28,835065.0
2012-12-29,793203.0
2012-12-30,778059.0
2012-12-31,808325.0
2013-01-01,758082.0
2013-01-02,911885.0
2013-01-03,917970.0
2013-01-04,908912.0
2013-01-05,825354.0
2013-01-06,818825.0
2013-01-07,942559.0
2013-01-08,951087.0
2013-01-09,965549.0
2013-01-10,1010302.0
2013-01-11,997079.0
2013-01-12,907375.0
2013-01-13,911524.0
2013-01-14,1041193.0
2013-01-15,1056728.0
2013-01-16,1088096.0
2013-01-17,1081447.0
2013-01-18,1051354.0
2013-01-19,964984.0
2013-01-20,947042.0
2013-01-21,1062534.0
2013-01-22,1078907.0
2013-01-23,1083747.0
2013-01-24,1073825.0
2013-01-25,1060216.0
2013-01-26,914623.0
2013-01-27,849594.0
2013-01-28,991795.0
2013-01-29,967260.0
2013-01-30,943616.0
2013-01-31,950404.0
2013-02-01,957058.0
2013-02-02,880389.0
2013-02-03,864603.0
2013-02-04,941672.0
2013-02-05,985096.0
2013-02-06,992093.0
2013-02-07,1023589.0
2013-02-08,996978.0
2013-02-09,915055.0
2013-02-10,883653.0
2013-02-11,1018234.0
2013-02-12,1046668.0
2013-02-13,1044225.0
2013-02-14,996996.0
2013-02-15,971369.0
2013-02-16,874276.0
2013-02-17,835380.0
2013-02-18,962926.0
2013-02-19,982064.0
2013-02-20,995806.0
2013-02-21,1021503.0
2013-02-22,1031288.0
2013-02-23,940434.0
2013-02-24,914702.0
2013-02-25,1025904.0
2013-02-26,1035223.0
2013-02-27,1016092.0
2013-02-28,1001947.0
2013-03-01,982163.0
2013-03-02,887880.0
2013-03-03,870025.0
2013-03-04,965412.0
2013-03-05,964804.0
2013-03-06,960786.0
2013-03-07,956610.0
2013-03-08,945123.0
2013-03-09,864767.0
2013-03-10,848828.0
2013-03-11,1014121.0
2013-03-12,1037630.0
2013-03-13,1016182.0
2013-03-14,1008748.0
2013-03-15,967748.0
2013-03-16,880790.0
2013-03-17,859474.0
2013-03-18,975924.0
2013-03-19,987647.0
2013-03-20,1003374.0
2013-03-21,994953.0
2013-03-22,989815.0
2013-03-23,921469.0
2013-03-24,900887.0
2013-03-25,1018780.0
2013-03-26,1038734.0
2013-03-27,1030950.0
2013-03-28,1002681.0
2013-03-29,898371.0
2013-03-30,865828.0
2013-03-31,792203.0
2013-04-01,844331.0
2013-04-02,935110.0
2013-04-03,955961.0
2013-04-04,969242.0
2013-04-05,941627.0
2013-04-06,843700.0
2013-04-07,814194.0
2013-04-08,918030.0
2013-04-09,940540.0
2013-04-10,935951.0
2013-04-11,937962.0
2013-04-12,911206.0
2013-04-13,808818.0
2013-04-14,731843.0
2013-04-15,830988.0
2013-04-16,827374.0
2013-04-17,849194.0
2013-04-18,829566.0
2013-04-19,849690.0
2013-04-20,749018.0
2013-04-21,737190.0
2013-04-22,839046.0
2013-04-23,826615.0
2013-04-24,833283.0
2013-04-25,841585.0
2013-04-26,817788.0
2013-04-27,746504.0
2013-04-28,722770.0
2013-04-29,813785.0
2013-04-30,836522.0
2013-05-01,828443.0
2013-05-02,820580.0
2013-05-03,787984.0
2013-05-04,689868.0
2013-05-05,663567.0
2013-05-06,685025.0
2013-05-07,779806.0
2013-05-08,791388.0
2013-05-09,784855.0
2013-05-10,780455.0
2013-05-11,702613.0
2013-05-12,695266.0
2013-05-13,774260.0
2013-05-14,826514.0
2013-05-15,832955.0
2013-05-16,825277.0
2013-05-17,810844.0
2013-05-18,725211.0
2013-05-19,689768.0
2013-05-20,801199.0
2013-05-21,809703.0
2013-05-22,799716.0
2013-05-23,803543.0
2013-05-24,804601.0
2013-05-25,698301.0
2013-05-26,647442.0
2013-05-27,660229.0
2013-05-28,791473.0
2013-05-29,801740.0
2013-05-30,793191.0
2013-05-31,755064.0
2013-06-01,666325.0
2013-06-02,647095.0
2013-06-03,759146.0
2013-06-04,759009.0
2013-06-05,773666.0
2013-06-06,767106.0
2013-06-07,745578.0
2013-06-08,658962.0
2013-06-09,645640.0
2013-06-10,766446.0
2013-06-11,779958.0
2013-06-12,779192.0
2013-06-13,764697.0
2013-06-14,750024.0
2013-06-15,650062.0
2013-06-16,652101.0
2013-06-17,767726.0
2013-06-18,782386.0
2013-06-19,787224.0
2013-06-20,798576.0
2013-06-21,771540.0
2013-06-22,652806.0
2013-06-23,635767.0
2013-06-24,758993.0
2013-06-25,781319.0
2013-06-26,776042.0
2013-06-27,779742.0
2013-06-28,761716.0
2013-06-29,659956.0
2013-06-30,625974.0
2013-07-01,742790.0
2013-07-02,770622.0
2013-07-03,775106.0
2013-07-04,758688.0
2013-07-05,755742.0
2013-07-06,666613.0
2013-07-07,652932.0
2013-07-08,768132.0
2013-07-09,777746.0
2013-07-10,779236.0
2013-07-11,770234.0
2013-07-12,767059.0
2013-07-13,684043.0
2013-07-14,658794.0
2013-07-15,772091.0
2013-07-16,792353.0
2013-07-17,800159.0
2013-07-18,800492.0
2013-07-19,776298.0
2013-07-20,679834.0
2013-07-21,648412.0
2013-07-22,779945.0
2013-07-23,805646.0
2013-07-24,786880.0
2013-07-25,784328.0
2013-07-26,760889.0
2013-07-27,679813.0
2013-07-28,630175.0
2013-07-29,737183.0
2013-07-30,752479.0
2013-07-31,762469.0
2013-08-01,770940.0
2013-08-02,743328.0
2013-08-03,638634.0
2013-08-04,633353.0
2013-08-05,751170.0
2013-08-06,747598.0
2013-08-07,749435.0
2013-08-08,749352.0
2013-08-09,730574.0
2013-08-10,656904.0
2013-08-11,623237.0
2013-08-12,729000.0
2013-08-13,753244.0
2013-08-14,767812.0
2013-08-15,769164.0
2013-08-16,756982.0
2013-08-17,655878.0
2013-08-18,630541.0
2013-08-19,747283.0
2013-08-20,771164.0
2013-08-21,772995.0
2013-08-22,789954.0
2013-08-23,773672.0
2013-08-24,687122.0
2013-08-25,645147.0
2013-08-26,671621.0
2013-08-27,765236.0
2013-08-28,779582.0
2013-08-29,775367.0
2013-08-30,756258.0
2013-08-31,656865.0
2013-09-01,630024.0
2013-09-02,748740.0
2013-09-03,797111.0
2013-09-04,794146.0
2013-09-05,801579.0
2013-09-06,786448.0
2013-09-07,678457.0
2013-09-08,671680.0
2013-09-09,792988.0
2013-09-10,786051.0
2013-09-11,818903.0
2013-09-12,814724.0
2013-09-13,807560.0
2013-09-14,713264.0
2013-09-15,681874.0
2013-09-16,775965.0
2013-09-17,831644.0
2013-09-18,813514.0
2013-09-19,827365.0
2013-09-20,807265.0
2013-09-21,720853.0
2013-09-22,698607.0
2013-09-23,815376.0
2013-09-24,828491.0
2013-09-25,828941.0
2013-09-26,818205.0
2013-09-27,794159.0
2013-09-28,702801.0
2013-09-29,667879.0
2013-09-30,787947.0
2013-10-01,802498.0
2013-10-02,823596.0
2013-10-03,824719.0
2013-10-04,807829.0
2013-10-05,717675.0
2013-10-06,683343.0
2013-10-07,801058.0
2013-10-08,809104.0
2013-10-09,803284.0
2013-10-10,810482.0
2013-10-11,818509.0
2013-10-12,738518.0
2013-10-13,736878.0
2013-10-14,856789.0
2013-10-15,868246.0
2013-10-16,866235.0
2013-10-17,851912.0
2013-10-18,840618.0
2013-10-19,742931.0
2013-10-20,714784.0
2013-10-21,832874.0
2013-10-22,835778.0
2013-10-23,819275.0
2013-10-24,849519.0
2013-10-25,812248.0
2013-10-26,723975.0
2013-10-27,719878.0
2013-10-28,816382.0
2013-10-29,844376.0
2013-10-30,858222.0
2013-10-31,851394.0
2013-11-01,853843.0
2013-11-02,765503.0
2013-11-03,742563.0
2013-11-04,884988.0
2013-11-05,910094.0
2013-11-06,913532.0
2013-11-07,887912.0
2013-11-08,904586.0
2013-11-09,834094.0
2013-11-10,808368.0
2013-11-11,912783.0
2013-11-12,907002.0
2013-11-13,917674.0
2013-11-14,903954.0
2013-11-15,927766.0
2013-11-16,834445.0
2013-11-17,823809.0
2013-11-18,930548.0
2013-11-19,953684.0
2013-11-20,961095.0
2013-11-21,961207.0
2013-11-22,963988.0
2013-11-23,883173.0
2013-11-24,862584.0
2013-11-25,979707.0
2013-11-26,991092.0
2013-11-27,969577.0
2013-11-28,969884.0
2013-11-29,915856.0
2013-11-30,853048.0
2013-12-01,852001.0
2013-12-02,965549.0
2013-12-03,977764.0
2013-12-04,968368.0
2013-12-05,967177.0
2013-12-06,977764.0
2013-12-07,870949.0
2013-12-08,813270.0
2013-12-09,933598.0
2013-12-10,963498.0
2013-12-11,979652.0
2013-12-12,967897.0
2013-12-13,927020.0
2013-12-14,832865.0
2013-12-15,809181.0
2013-12-16,923871.0
2013-12-17,959066.0
2013-12-18,937462.0
2013-12-19,947308.0
2013-12-20,917093.0
2013-12-21,810835.0
2013-12-22,794508.0
2013-12-23,885305.0
2013-12-24,810414.0
2013-12-25,741262.0
2013-12-26,748142.0
2013-12-27,793025.0
2013-12-28,795840.0
2013-12-29,788984.0
2013-12-30,824609.0
2013-12-31,814253.0
2014-01-01,754514.0
2014-01-02,858790.0
2014-01-03,875308.0
2014-01-04,851432.0
2014-01-05,836059.0
2014-01-06,909108.0
2014-01-07,920595.0
2014-01-08,939205.0
2014-01-09,942003.0
2014-01-10,946926.0
2014-01-11,855161.0
2014-01-12,858105.0
2014-01-13,952842.0
2014-01-14,981086.0
2014-01-15,957180.0
2014-01-16,954612.0
2014-01-17,943138.0
2014-01-18,848883.0
2014-01-19,829575.0
2014-01-20,970142.0
2014-01-21,974067.0
2014-01-22,961627.0
2014-01-23,962534.0
2014-01-24,966685.0
2014-01-25,838702.0
2014-01-26,839075.0
2014-01-27,952356.0
2014-01-28,960468.0
2014-01-29,971862.0
2014-01-30,998287.0
2014-01-31,968729.0
2014-02-01,840679.0
2014-02-02,806418.0
2014-02-03,929496.0
2014-02-04,945661.0
2014-02-05,943911.0
2014-02-06,962183.0
2014-02-07,932987.0
2014-02-08,816670.0
2014-02-09,806665.0
2014-02-10,955952.0
2014-02-11,956023.0
2014-02-12,975542.0
2014-02-13,948393.0
2014-02-14,966536.0
2014-02-15,834734.0
2014-02-16,815231.0
2014-02-17,948474.0
2014-02-18,943344.0
2014-02-19,936195.0
2014-02-20,891596.0
2014-02-21,882822.0
2014-02-22,791604.0
2014-02-23,766190.0
2014-02-24,885965.0
2014-02-25,894285.0
2014-02-26,904057.0
2014-02-27,909189.0
2014-02-28,933995.0
2014-03-01,836090.0
2014-03-02,800527.0
2014-03-03,926403.0
2014-03-04,930847.0
2014-03-05,922968.0
2014-03-06,903755.0
2014-03-07,864847.0
2014-03-08,763301.0
2014-03-09,739858.0
2014-03-10,866954.0
2014-03-11,896161.0
2014-03-12,899649.0
2014-03-13,896046.0
2014-03-14,862024.0
2014-03-15,742356.0
2014-03-16,709047.0
2014-03-17,837232.0
2014-03-18,843351.0
2014-03-19,832814.0
2014-03-20,842007.0
2014-03-21,832419.0
2014-03-22,769159.0
2014-03-23,760620.0
2014-03-24,869623.0
2014-03-25,905778.0
2014-03-26,914111.0
2014-03-27,906123.0
2014-03-28,884486.0
2014-03-29,754512.0
2014-03-30,697778.0
2014-03-31,848780.0
2014-04-01,843153.0
2014-04-02,842368.0
2014-04-03,855300.0
2014-04-04,843282.0
2014-04-05,741640.0
2014-04-06,697858.0
2014-04-07,834342.0
2014-04-08,807075.0
2014-04-09,818483.0
2014-04-10,821561.0
2014-04-11,798456.0
2014-04-12,705741.0
2014-04-13,667936.0
2014-04-14,776860.0
2014-04-15,795318.0
2014-04-16,781287.0
2014-04-17,775891.0
2014-04-18,706322.0
2014-04-19,682098.0
2014-04-20,668164.0
2014-04-21,675963.0
2014-04-22,798105.0
2014-04-23,805047.0
2014-04-24,804737.0
2014-04-25,820266.0
2014-04-26,697039.0
2014-04-27,698814.0
2014-04-28,809715.0
2014-04-29,813741.0
2014-04-30,806554.0
2014-05-01,822212.0
2014-05-02,805759.0
2014-05-03,706112.0
2014-05-04,662127.0
2014-05-05,675724.0
2014-05-06,761958.0
2014-05-07,768004.0
2014-05-08,810557.0
2014-05-09,750070.0
2014-05-10,680829.0
2014-05-11,661963.0
2014-05-12,783891.0
2014-05-13,794491.0
2014-05-14,777346.0
2014-05-15,774002.0
2014-05-16,747935.0
2014-05-17,656310.0
2014-05-18,621056.0
2014-05-19,747753.0
2014-05-20,770279.0
2014-05-21,758766.0
2014-05-22,775555.0
2014-05-23,751132.0
2014-05-24,681854.0
2014-05-25,637279.0
2014-05-26,672271.0
2014-05-27,763340.0
2014-05-28,777875.0
2014-05-29,773093.0
2014-05-30,761149.0
2014-05-31,671568.0
2014-06-01,637098.0
2014-06-02,755840.0
2014-06-03,772295.0
2014-06-04,778912.0
2014-06-05,749388.0
2014-06-06,730117.0
2014-06-07,659608.0
2014-06-08,623384.0
2014-06-09,752996.0
2014-06-10,743698.0
2014-06-11,747932.0
2014-06-12,756062.0
2014-06-13,749541.0
2014-06-14,665400.0
2014-06-15,640070.0
2014-06-16,741401.0
2014-06-17,745422.0
2014-06-18,759130.0
2014-06-19,749796.0
2014-06-20,729752.0
2014-06-21,639902.0
2014-06-22,627701.0
2014-06-23,745648.0
2014-06-24,760730.0
2014-06-25,746581.0
2014-06-26,749804.0
2014-06-27,743866.0
2014-06-28,662708.0
2014-06-29,622486.0
2014-06-30,739633.0
2014-07-01,749620.0
2014-07-02,732988.0
2014-07-03,738166.0
2014-07-04,725249.0
2014-07-05,656605.0
2014-07-06,632799.0
2014-07-07,741587.0
2014-07-08,760780.0
2014-07-09,723156.0
2014-07-10,745744.0
2014-07-11,745895.0
2014-07-12,661153.0
2014-07-13,626150.0
2014-07-14,722688.0
2014-07-15,749802.0
2014-07-16,754092.0
2014-07-17,766411.0
2014-07-18,735049.0
2014-07-19,687750.0
2014-07-20,651073.0
2014-07-21,753389.0
2014-07-22,765161.0
2014-07-23,756424.0
2014-07-24,759520.0
2014-07-25,749800.0
2014-07-26,667069.0
2014-07-27,628909.0
2014-07-28,733935.0
2014-07-29,727640.0
2014-07-30,721009.0
2014-07-31,738685.0
2014-08-01,734634.0
2014-08-02,645397.0
2014-08-03,595869.0
2014-08-04,708082.0
2014-08-05,732439.0
2014-08-06,735995.0
2014-08-07,732982.0
2014-08-08,733882.0
2014-08-09,625089.0
2014-08-10,618904.0
2014-08-11,672281.0
2014-08-12,697871.0
2014-08-13,715095.0
2014-08-14,748962.0
2014-08-15,730319.0
2014-08-16,620805.0
2014-08-17,582468.0
2014-08-18,714627.0
2014-08-19,737360.0
2014-08-20,747799.0
2014-08-21,741553.0
2014-08-22,728738.0
2014-08-23,642949.0
2014-08-24,625368.0
2014-08-25,665660.0
2014-08-26,739620.0
2014-08-27,746138.0
2014-08-28,742498.0
2014-08-29,718846.0
2014-08-30,644443.0
2014-08-31,631718.0
2014-09-01,765845.0
2014-09-02,773357.0
2014-09-03,780708.0
2014-09-04,783150.0
2014-09-05,770266.0
2014-09-06,686232.0
2014-09-07,643799.0
2014-09-08,753460.0
2014-09-09,771791.0
2014-09-10,771841.0
2014-09-11,776185.0
2014-09-12,761517.0
2014-09-13,678094.0
2014-09-14,650209.0
2014-09-15,770216.0
2014-09-16,779746.0
2014-09-17,784351.0
2014-09-18,786880.0
2014-09-19,790303.0
2014-09-20,699501.0
2014-09-21,653769.0
2014-09-22,763730.0
2014-09-23,782194.0
2014-09-24,771373.0
2014-09-25,773415.0
2014-09-26,752686.0
2014-09-27,687683.0
2014-09-28,672601.0
2014-09-29,790126.0
2014-09-30,778386.0
2014-10-01,784852.0
2014-10-02,783448.0
2014-10-03,748072.0
2014-10-04,690467.0
2014-10-05,666336.0
2014-10-06,791024.0
2014-10-07,810597.0
2014-10-08,819117.0
2014-10-09,804239.0
2014-10-10,796256.0
2014-10-11,730407.0
2014-10-12,717992.0
2014-10-13,814326.0
2014-10-14,839200.0
2014-10-15,842890.0
2014-10-16,828387.0
2014-10-17,796823.0
2014-10-18,683267.0
2014-10-19,646229.0
2014-10-20,789204.0
2014-10-21,781187.0
2014-10-22,836011.0
2014-10-23,828483.0
2014-10-24,818884.0
2014-10-25,706596.0
2014-10-26,702164.0
2014-10-27,784838.0
2014-10-28,799072.0
2014-10-29,843487.0
2014-10-30,827199.0
2014-10-31,769003.0
2014-11-01,678344.0
2014-11-02,688104.0
2014-11-03,838192.0
2014-11-04,880040.0
2014-11-05,881627.0
2014-11-06,879273.0
2014-11-07,844232.0
2014-11-08,775424.0
2014-11-09,775965.0
2014-11-10,883237.0
2014-11-11,863498.0
2014-11-12,857633.0
2014-11-13,860981.0
2014-11-14,854699.0
2014-11-15,802903.0
2014-11-16,785867.0
2014-11-17,886601.0
2014-11-18,896345.0
2014-11-19,908306.0
2014-11-20,922082.0
2014-11-21,898859.0
2014-11-22,811212.0
2014-11-23,808416.0
2014-11-24,933701.0
2014-11-25,968434.0
2014-11-26,963326.0
2014-11-27,944600.0
2014-11-28,900651.0
2014-11-29,812168.0
2014-11-30,792684.0
2014-12-01,931555.0
2014-12-02,927635.0
2014-12-03,959898.0
2014-12-04,989000.0
2014-12-05,950607.0
2014-12-06,864951.0
2014-12-07,808067.0
2014-12-08,953621.0
2014-12-09,974707.0
2014-12-10,928859.0
2014-12-11,943461.0
2014-12-12,951654.0
2014-12-13,881968.0
2014-12-14,824309.0
2014-12-15,950086.0
2014-12-16,958562.0
2014-12-17,917743.0
2014-12-18,884557.0
2014-12-19,862463.0
2014-12-20,804946.0
2014-12-21,773118.0
2014-12-22,839326.0
2014-12-23,834809.0
2014-12-24,774921.0
2014-12-25,724218.0
2014-12-26,757132.0
2014-12-27,797418.0
2014-12-28,808311.0
2014-12-29,881714.0
2014-12-30,876422.0
2014-12-31,826198.0
2015-01-01,718758.0
2015-01-02,779727.0
2015-01-03,824617.0
2015-01-04,839582.0
2015-01-05,938874.0
2015-01-06,930848.0
2015-01-07,934746.0
2015-01-08,919567.0
2015-01-09,886904.0
2015-01-10,790710.0
2015-01-11,794186.0
2015-01-12,906282.0
2015-01-13,931934.0
2015-01-14,946707.0
2015-01-15,920479.0
2015-01-16,947683.0
2015-01-17,888454.0
2015-01-18,872509.0
2015-01-19,1002679.0
2015-01-20,1022703.0
2015-01-21,1027391.0
2015-01-22,1019551.0
2015-01-23,984778.0
2015-01-24,860489.0
2015-01-25,842883.0
2015-01-26,934529.0
2015-01-27,961541.0
2015-01-28,929690.0
2015-01-29,974450.0
2015-01-30,964454.0
2015-01-31,864864.0
2015-02-01,848117.0
2015-02-02,1012884.0
2015-02-03,1015016.0
2015-02-04,1002171.0
2015-02-05,1014633.0
2015-02-06,985785.0
2015-02-07,904303.0
2015-02-08,848116.0
2015-02-09,953547.0
2015-02-10,992640.0
2015-02-11,999096.0
2015-02-12,990996.0
2015-02-13,944112.0
2015-02-14,855980.0
2015-02-15,813621.0
2015-02-16,935443.0
2015-02-17,919112.0
2015-02-18,900974.0
2015-02-19,923061.0
2015-02-20,926009.0
2015-02-21,830797.0
2015-02-22,832032.0
2015-02-23,905589.0
2015-02-24,914626.0
2015-02-25,941556.0
2015-02-26,903674.0
2015-02-27,891339.0
2015-02-28,792451.0
2015-03-01,747935.0
2015-03-02,890460.0
2015-03-03,904768.0
2015-03-04,905807.0
2015-03-05,912376.0
2015-03-06,844076.0
2015-03-07,730468.0
2015-03-08,750699.0
2015-03-09,890379.0
2015-03-10,875573.0
2015-03-11,882544.0
2015-03-12,867185.0
2015-03-13,884844.0
2015-03-14,810551.0
2015-03-15,799754.0
2015-03-16,932511.0
2015-03-17,925366.0
2015-03-18,907790.0
2015-03-19,915805.0
2015-03-20,863870.0
2015-03-21,772457.0
2015-03-22,755034.0
2015-03-23,867954.0
2015-03-24,883748.0
2015-03-25,883801.0
2015-03-26,850034.0
2015-03-27,848526.0
2015-03-28,733536.0
2015-03-29,696035.0
2015-03-30,819284.0
2015-03-31,805870.0
2015-04-01,831838.0
2015-04-02,846224.0
2015-04-03,780223.0
2015-04-04,735967.0
2015-04-05,693125.0
2015-04-06,691992.0
2015-04-07,771641.0
2015-04-08,780407.0
2015-04-09,771482.0
2015-04-10,744262.0
2015-04-11,639203.0
2015-04-12,656674.0
2015-04-13,787890.0
2015-04-14,755357.0
2015-04-15,764576.0
2015-04-16,783911.0
2015-04-17,763995.0
2015-04-18,658619.0
2015-04-19,680280.0
2015-04-20,771310.0
2015-04-21,760100.0
2015-04-22,763159.0
2015-04-23,767646.0
2015-04-24,753984.0
2015-04-25,664481.0
2015-04-26,666981.0
2015-04-27,765709.0
2015-04-28,754327.0
2015-04-29,768556.0
2015-04-30,774299.0
2015-05-01,772745.0
2015-05-02,693243.0
2015-05-03,645295.0
2015-05-04,651505.0
2015-05-05,737822.0
2015-05-06,754785.0
2015-05-07,772758.0
2015-05-08,781832.0
2015-05-09,663775.0
2015-05-10,636814.0
2015-05-11,704774.0
2015-05-12,710183.0
2015-05-13,742114.0
2015-05-14,787157.0
2015-05-15,740852.0
2015-05-16,612685.0
2015-05-17,616250.0
2015-05-18,743565.0
2015-05-19,748569.0
2015-05-20,752114.0
2015-05-21,732715.0
2015-05-22,732761.0
2015-05-23,643303.0
2015-05-24,608814.0
2015-05-25,640767.0
2015-05-26,705652.0
2015-05-27,712199.0
2015-05-28,687155.0
2015-05-29,717551.0
2015-05-30,628039.0
2015-05-31,613638.0
2015-06-01,711053.0
2015-06-02,716740.0
2015-06-03,721381.0
2015-06-04,721576.0
2015-06-05,708371.0
2015-06-06,576276.0
2015-06-07,574517.0
2015-06-08,709737.0
2015-06-09,726455.0
2015-06-10,718267.0
2015-06-11,709060.0
2015-06-12,727033.0
2015-06-13,664362.0
2015-06-14,629569.0
2015-06-15,712236.0
2015-06-16,718030.0
2015-06-17,719264.0
2015-06-18,697801.0
2015-06-19,700466.0
2015-06-20,651354.0
2015-06-21,586201.0
2015-06-22,708219.0
2015-06-23,724186.0
2015-06-24,723369.0
2015-06-25,730764.0
2015-06-26,722541.0
2015-06-27,612102.0
2015-06-28,601516.0
2015-06-29,709594.0
2015-06-30,720063.0
2015-07-01,753458.0
2015-07-02,757167.0
2015-07-03,700144.0
2015-07-04,613093.0
2015-07-05,612044.0
2015-07-06,703128.0
2015-07-07,691570.0
2015-07-08,709598.0
2015-07-09,701388.0
2015-07-10,693090.0
2015-07-11,604493.0
2015-07-12,600005.0
2015-07-13,740352.0
2015-07-14,749664.0
2015-07-15,729448.0
2015-07-16,719563.0
2015-07-17,674792.0
2015-07-18,579176.0
2015-07-19,580934.0
2015-07-20,713582.0
2015-07-21,694535.0
2015-07-22,721307.0
2015-07-23,704524.0
2015-07-24,733040.0
2015-07-25,600030.0
2015-07-26,616424.0
2015-07-27,692802.0
2015-07-28,697432.0
2015-07-29,696336.0
2015-07-30,693244.0
2015-07-31,668759.0
2015-08-01,596218.0
2015-08-02,578319.0
2015-08-03,665969.0
2015-08-04,659341.0
2015-08-05,697847.0
2015-08-06,691064.0
2015-08-07,691205.0
2015-08-08,599720.0
2015-08-09,589272.0
2015-08-10,701611.0
2015-08-11,720915.0
2015-08-12,717380.0
2015-08-13,741027.0
2015-08-14,743155.0
2015-08-15,614370.0
2015-08-16,614678.0
2015-08-17,706820.0
2015-08-18,727625.0
2015-08-19,730596.0
2015-08-20,737097.0
2015-08-21,711146.0
2015-08-22,643162.0
2015-08-23,604699.0
2015-08-24,738540.0
2015-08-25,724146.0
2015-08-26,712362.0
2015-08-27,701654.0
2015-08-28,680457.0
2015-08-29,616631.0
2015-08-30,621916.0
2015-08-31,660854.0
2015-09-01,721906.0
2015-09-02,733410.0
2015-09-03,741041.0
2015-09-04,726618.0
2015-09-05,642052.0
2015-09-06,614335.0
2015-09-07,737031.0
2015-09-08,764324.0
2015-09-09,753871.0
2015-09-10,719903.0
2015-09-11,705010.0
2015-09-12,631799.0
2015-09-13,638718.0
2015-09-14,754092.0
2015-09-15,766373.0
2015-09-16,782037.0
2015-09-17,762540.0
2015-09-18,758240.0
2015-09-19,663432.0
2015-09-20,653186.0
2015-09-21,766005.0
2015-09-22,770609.0
2015-09-23,757164.0
2015-09-24,730749.0
2015-09-25,733998.0
2015-09-26,668699.0
2015-09-27,646559.0
2015-09-28,742142.0
2015-09-29,754128.0
2015-09-30,750128.0
2015-10-01,763463.0
2015-10-02,752295.0
2015-10-03,700375.0
2015-10-04,671222.0
2015-10-05,775926.0
2015-10-06,795980.0
2015-10-07,790007.0
2015-10-08,796879.0
2015-10-09,781963.0
2015-10-10,709928.0
2015-10-11,678912.0
2015-10-12,787569.0
2015-10-13,818366.0
2015-10-14,819250.0
2015-10-15,840268.0
2015-10-16,827022.0
2015-10-17,737263.0
2015-10-18,729658.0
2015-10-19,835055.0
2015-10-20,820817.0
2015-10-21,818764.0
2015-10-22,790019.0
2015-10-23,813816.0
2015-10-24,719401.0
2015-10-25,740315.0
2015-10-26,811090.0
2015-10-27,835268.0
2015-10-28,837028.0
2015-10-29,825920.0
2015-10-30,816587.0
2015-10-31,720540.0
2015-11-01,727478.0
2015-11-02,850210.0
2015-11-03,873943.0
2015-11-05,853519.0
2015-11-06,818613.0
2015-11-07,727921.0
2015-11-08,708387.0
2015-11-09,796127.0
2015-11-10,798993.0
2015-11-11,807574.0
2015-11-12,800803.0
2015-11-13,789816.0
2015-11-14,758916.0
2015-11-15,700907.0
2015-11-16,800423.0
2015-11-17,843098.0
2015-11-18,817771.0
2015-11-19,844711.0
2015-11-20,845671.0
2015-11-21,793697.0
2015-11-22,825735.0
2015-11-23,925174.0
2015-11-24,906301.0
2015-11-25,895553.0
2015-11-26,900225.0
2015-11-27,841764.0
2015-11-28,777750.0
2015-11-29,757836.0
2015-11-30,899225.0
2015-12-01,881058.0
2015-12-02,859603.0
2015-12-03,880791.0
2015-12-04,832872.0
2015-12-05,759765.0
2015-12-06,754810.0
2015-12-07,850252.0
2015-12-08,841189.0
2015-12-09,862553.0
2015-12-10,877019.0
2015-12-11,871479.0
2015-12-12,824952.0
2015-12-13,829111.0
2015-12-14,917409.0
2015-12-15,902964.0
2015-12-16,857884.0
2015-12-17,835776.0
2015-12-18,817708.0
2015-12-19,715395.0
2015-12-20,694858.0
2015-12-21,818177.0
2015-12-22,798712.0
2015-12-23,768091.0
2015-12-24,723526.0
2015-12-25,673416.0
2015-12-26,621596.0
2015-12-27,683584.0
2015-12-28,675555.0
2015-12-29,700572.0
2015-12-30,731102.0
2015-12-31,723588.0
2016-01-01,702215.0
2016-01-02,719339.0
2016-01-03,737957.0
2016-01-04,863700.0
2016-01-05,887984.0
2016-01-06,894732.0
2016-01-07,866046.0
2016-01-08,900726.0
2016-01-09,806118.0
2016-01-10,774786.0
2016-01-11,925370.0
2016-01-12,916223.0
2016-01-13,940601.0
2016-01-14,937067.0
2016-01-15,934409.0
2016-01-16,889906.0
2016-01-17,872630.0
2016-01-18,975791.0
2016-01-19,989894.0
2016-01-20,986727.0
2016-01-21,965353.0
2016-01-22,892365.0
2016-01-23,796850.0
2016-01-24,756795.0
2016-01-25,833672.0
2016-01-26,858896.0
2016-01-27,859327.0
2016-01-28,859099.0
2016-01-29,834021.0
2016-01-30,753575.0
2016-01-31,783663.0
2016-02-01,827859.0
2016-02-02,844777.0
2016-02-03,893723.0
2016-02-04,883756.0
2016-02-05,839609.0
2016-02-06,780166.0
2016-02-07,730313.0
2016-02-08,868894.0
2016-02-09,883818.0
2016-02-10,897174.0
2016-02-11,914851.0
2016-02-12,915708.0
2016-02-13,830435.0
2016-02-14,786093.0
2016-02-15,911954.0
2016-02-16,899442.0
2016-02-17,939210.0
2016-02-18,910451.0
2016-02-19,868957.0
2016-02-20,759207.0
2016-02-21,721746.0
2016-02-22,856522.0
2016-02-23,887119.0
2016-02-24,915741.0
2016-02-25,929172.0
2016-02-26,920258.0
2016-02-27,825801.0
2016-02-28,800904.0
2016-02-29,897629.0
2016-03-01,861467.0
2016-03-02,880503.0
2016-03-03,893803.0
2016-03-04,873671.0
2016-03-05,802922.0
2016-03-06,802190.0
2016-03-07,900473.0
2016-03-08,933573.0
2016-03-09,919732.0
2016-03-10,918897.0
2016-03-11,873301.0
2016-03-12,774591.0
2016-03-13,737182.0
2016-03-14,829745.0
2016-03-15,876750.0
2016-03-16,857574.0
2016-03-17,853785.0
2016-03-18,889205.0
2016-03-19,795388.0
2016-03-20,759394.0
2016-03-21,845344.0
2016-03-22,857420.0
2016-03-23,868646.0
2016-03-24,833093.0
2016-03-25,675663.0
2016-03-26,671903.0
2016-03-27,601741.0
2016-03-28,680659.0
2016-03-29,799592.0
2016-03-30,809564.0
2016-03-31,800876.0
2016-04-01,773380.0
2016-04-02,700752.0
2016-04-03,686987.0
2016-04-04,798358.0
2016-04-05,769440.0
2016-04-06,749414.0
2016-04-07,795870.0
2016-04-08,792321.0
2016-04-09,709717.0
2016-04-10,667645.0
2016-04-11,773927.0
2016-04-12,794206.0
2016-04-13,778265.0
2016-04-14,789956.0
2016-04-15,809904.0
2016-04-16,706332.0
2016-04-17,669131.0
2016-04-18,771147.0
2016-04-19,770848.0
2016-04-20,746980.0
2016-04-21,758057.0
2016-04-22,779222.0
2016-04-23,675900.0
2016-04-24,672195.0
2016-04-25,771208.0
2016-04-26,769938.0
2016-04-27,806615.0
2016-04-28,804844.0
2016-04-29,751645.0
2016-04-30,684520.0
2016-05-01,636310.0
2016-05-02,645315.0
2016-05-03,727148.0
2016-05-04,715258.0
2016-05-05,707953.0
2016-05-06,713641.0
2016-05-07,613706.0
2016-05-08,574145.0
2016-05-09,683980.0
2016-05-10,735980.0
2016-05-11,731529.0
2016-05-12,675994.0
2016-05-13,672064.0
2016-05-14,605315.0
2016-05-15,598312.0
2016-05-16,698381.0
2016-05-17,706855.0
2016-05-18,727970.0
2016-05-19,716283.0
2016-05-20,679716.0
2016-05-21,612772.0
2016-05-22,605607.0
2016-05-23,691388.0
2016-05-24,682880.0
2016-05-25,734082.0
2016-05-26,725268.0
2016-05-27,697635.0
2016-05-28,601965.0
2016-05-29,559824.0
2016-05-30,586080.0
2016-05-31,671651.0
2016-06-01,703418.0
2016-06-02,682923.0
2016-06-03,699367.0
2016-06-04,625680.0
2016-06-05,578660.0
2016-06-06,684179.0
2016-06-07,713209.0
2016-06-08,712838.0
2016-06-09,702911.0
2016-06-10,715578.0
2016-06-11,635692.0
2016-06-12,619169.0
2016-06-13,722726.0
2016-06-14,717484.0
2016-06-15,716631.0
2016-06-16,713523.0
2016-06-17,700174.0
2016-06-18,620002.0
2016-06-19,591910.0
2016-06-20,686960.0
2016-06-21,694180.0
2016-06-22,713544.0
2016-06-23,725973.0
2016-06-24,677051.0
2016-06-25,606143.0
2016-06-26,590195.0
2016-06-27,656133.0
2016-06-28,715001.0
2016-06-29,711771.0
2016-06-30,694111.0
2016-07-01,652850.0
2016-07-02,552524.0
2016-07-03,561230.0
2016-07-04,691365.0
2016-07-05,673183.0
2016-07-06,683031.0
2016-07-07,689687.0
2016-07-08,655074.0
2016-07-09,594996.0
2016-07-10,560705.0
2016-07-11,660289.0
2016-07-12,702144.0
2016-07-13,683513.0
2016-07-14,678700.0
2016-07-15,677452.0
2016-07-16,586069.0
2016-07-17,569147.0
2016-07-18,684895.0
2016-07-19,706741.0
2016-07-20,713643.0
2016-07-21,705733.0
2016-07-22,692935.0
2016-07-23,605161.0
2016-07-24,597181.0
2016-07-25,656573.0
2016-07-26,684191.0
2016-07-27,671839.0
2016-07-28,691134.0
2016-07-29,675056.0
2016-07-30,586242.0
2016-07-31,553230.0
2016-08-01,682036.0
2016-08-02,699500.0
2016-08-03,632554.0
2016-08-04,644423.0
2016-08-05,654212.0
2016-08-06,563829.0
2016-08-07,500985.0
2016-08-08,610170.0
2016-08-09,653220.0
2016-08-10,679213.0
2016-08-11,659538.0
2016-08-12,619638.0
2016-08-13,572583.0
2016-08-14,593386.0
2016-08-15,659434.0
2016-08-16,666720.0
2016-08-17,677044.0
2016-08-18,695568.0
2016-08-19,685033.0
2016-08-20,558345.0
2016-08-21,554266.0
2016-08-22,677779.0
2016-08-23,693683.0
2016-08-24,711081.0
2016-08-25,742984.0
2016-08-26,658169.0
2016-08-27,614547.0
2016-08-28,592626.0
2016-08-29,583606.0
2016-08-30,658530.0
2016-08-31,678766.0
2016-09-01,675560.0
2016-09-02,687689.0
2016-09-03,618358.0
2016-09-04,593269.0
2016-09-05,714325.0
2016-09-06,735253.0
2016-09-07,739460.0
2016-09-08,677382.0
2016-09-09,662130.0
2016-09-10,630754.0
2016-09-11,553992.0
2016-09-12,679022.0
2016-09-13,734995.0
2016-09-14,719383.0
2016-09-15,740185.0
2016-09-16,692020.0
2016-09-17,618876.0
2016-09-18,610998.0
2016-09-19,735134.0
2016-09-20,744717.0
2016-09-21,731404.0
2016-09-22,711935.0
2016-09-23,669993.0
2016-09-24,575016.0
2016-09-25,571046.0
2016-09-26,728116.0
2016-09-27,708898.0
2016-09-28,689786.0
2016-09-29,667748.0
2016-09-30,696473.0
2016-10-01,665946.0
2016-10-02,623226.0
2016-10-03,713900.0
2016-10-04,715305.0
2016-10-05,693855.0
2016-10-06,740064.0
2016-10-07,772212.0
2016-10-08,689891.0
2016-10-09,659807.0
2016-10-10,762460.0
2016-10-11,772204.0
2016-10-12,770511.0
2016-10-13,773611.0
2016-10-14,767415.0
2016-10-15,693281.0
2016-10-16,652902.0
2016-10-17,741523.0
2016-10-18,760633.0
2016-10-19,786154.0
2016-10-20,801954.0
2016-10-21,793160.0
2016-10-22,704819.0
2016-10-23,672067.0
2016-10-24,811801.0
2016-10-25,818586.0
2016-10-26,785059.0
2016-10-27,769316.0
2016-10-28,779583.0
2016-10-29,724071.0
2016-10-30,729785.0
2016-10-31,786580.0
2016-11-01,823608.0
2016-11-02,825399.0
2016-11-03,853166.0
2016-11-04,839786.0
2016-11-05,720133.0
2016-11-06,729012.0
2016-11-07,860314.0
2016-11-08,922853.0
2016-11-09,908420.0
2016-11-10,873254.0
2016-11-11,855809.0
2016-11-12,782098.0
2016-11-13,757149.0
2016-11-14,842657.0
2016-11-15,836997.0
2016-11-16,800067.0
2016-11-17,842676.0
2016-11-18,873600.0
2016-11-19,817019.0
2016-11-20,804979.0
2016-11-21,898186.0
2016-11-22,895464.0
2016-11-23,916185.0
2016-11-24,894737.0
2016-11-25,878522.0
2016-11-26,828269.0
2016-11-27,798166.0
2016-11-28,901214.0
2016-11-29,942219.0
2016-11-30,943482.0
2016-12-01,939082.0
2016-12-02,944825.0
2016-12-03,840630.0
2016-12-04,807752.0
2016-12-05,963975.0
2016-12-06,951955.0
2016-12-07,853114.0
2016-12-08,873578.0
2016-12-09,831819.0
2016-12-10,778691.0
2016-12-11,762284.0
2016-12-12,919698.0
2016-12-13,905810.0
2016-12-14,859746.0
2016-12-15,886569.0
2016-12-16,879765.0
2016-12-17,801777.0
2016-12-18,788583.0
2016-12-19,909206.0
2016-12-20,874626.0
2016-12-21,858484.0
2016-12-22,834607.0
2016-12-23,785336.0
2016-12-24,701829.0
2016-12-25,611107.0
2016-12-26,632428.0
2016-12-27,759026.0
2016-12-28,814499.0
2016-12-29,815608.0
2016-12-30,800775.0
2016-12-31,732532.0
2017-01-01,703524.0
2017-01-02,772832.0
2017-01-03,870153.0
2017-01-04,904775.0
2017-01-05,948465.0
2017-01-06,929548.0
2017-01-07,835079.0
2017-01-08,793696.0
2017-01-09,858199.0
2017-01-10,877844.0
2017-01-11,843129.0
2017-01-12,918871.0
2017-01-13,902094.0
2017-01-14,841990.0
2017-01-15,817378.0
2017-01-16,928728.0
2017-01-17,936535.0
2017-01-18,941509.0
2017-01-19,946402.0
2017-01-20,929145.0
2017-01-21,865180.0
2017-01-22,859265.0
2017-01-23,964217.0
2017-01-24,929562.0
2017-01-25,924778.0
2017-01-26,968197.0
2017-01-27,962799.0
2017-01-28,835292.0
2017-01-29,833400.0
2017-01-30,920435.0
2017-01-31,913491.0
2017-02-01,887584.0
2017-02-02,834606.0
2017-02-03,832988.0
2017-02-04,783695.0
2017-02-05,815224.0
2017-02-06,915973.0
2017-02-07,903629.0
2017-02-08,937178.0
2017-02-09,960271.0
2017-02-10,960632.0
2017-02-11,862532.0
2017-02-12,812453.0
2017-02-13,857571.0
2017-02-14,900982.0
2017-02-15,889963.0
2017-02-16,838935.0
2017-02-17,854163.0
2017-02-18,737075.0
2017-02-19,721747.0
2017-02-20,777832.0
2017-02-21,803770.0
2017-02-22,795334.0
2017-02-23,818052.0
2017-02-24,829672.0
2017-02-25,733086.0
2017-02-26,699843.0
2017-02-27,853212.0
2017-02-28,869310.0
2017-03-01,872017.0
2017-03-02,814567.0
2017-03-03,868871.0
2017-03-04,743179.0
2017-03-05,741088.0
2017-03-06,844174.0
2017-03-07,843836.0
2017-03-08,814193.0
2017-03-09,777028.0
2017-03-10,819718.0
2017-03-11,727095.0
2017-03-12,708294.0
2017-03-13,769842.0
2017-03-14,766319.0
2017-03-15,770876.0
2017-03-16,776333.0
2017-03-17,757982.0
2017-03-18,690378.0
2017-03-19,644920.0
2017-03-20,762242.0
2017-03-21,762623.0
2017-03-22,836846.0
2017-03-23,802171.0
2017-03-24,785105.0
2017-03-25,670881.0
2017-03-26,614064.0
2017-03-27,780002.0
2017-03-28,792443.0
2017-03-29,784475.0
2017-03-30,726126.0
2017-03-31,698416.0
2017-04-01,659964.0
2017-04-02,636013.0
2017-04-03,708819.0
2017-04-04,746373.0
2017-04-05,725376.0
2017-04-06,729733.0
2017-04-07,722518.0
2017-04-08,618006.0
2017-04-09,566117.0
2017-04-10,688710.0
2017-04-11,681555.0
2017-04-12,686862.0
2017-04-13,719136.0
2017-04-14,658392.0
2017-04-15,578698.0
2017-04-16,606655.0
2017-04-17,647918.0
2017-04-18,708925.0
2017-04-19,729811.0
2017-04-20,739554.0
2017-04-21,716234.0
2017-04-22,631758.0
2017-04-23,608167.0
2017-04-24,715173.0
2017-04-25,723794.0
2017-04-26,762197.0
2017-04-27,774937.0
2017-04-28,758266.0
2017-04-29,645484.0
2017-04-30,576527.0
2017-05-01,634952.0
2017-05-02,721629.0
2017-05-03,717551.0
2017-05-04,686468.0
2017-05-05,658304.0
2017-05-06,634573.0
2017-05-07,603543.0
2017-05-08,699112.0
2017-05-09,736237.0
2017-05-10,698767.0
2017-05-11,698898.0
2017-05-12,716435.0
2017-05-13,594723.0
2017-05-14,561113.0
2017-05-15,697264.0
2017-05-16,692824.0
2017-05-17,752956.0
2017-05-18,710902.0
2017-05-19,707610.0
2017-05-20,607977.0
2017-05-21,568922.0
2017-05-22,658913.0
2017-05-23,697297.0
2017-05-24,683517.0
2017-05-25,674652.0
2017-05-26,631599.0
2017-05-27,572310.0
2017-05-28,547140.0
2017-05-29,621099.0
2017-05-30,657561.0
2017-05-31,668728.0
2017-06-01,640893.0
2017-06-02,677205.0
2017-06-03,561044.0
2017-06-04,548084.0
2017-06-05,665538.0
2017-06-06,657313.0
2017-06-07,623720.0
2017-06-08,673034.0
2017-06-09,641844.0
2017-06-10,561460.0
2017-06-11,510119.0
2017-06-12,623027.0
2017-06-13,676365.0
2017-06-14,661537.0
2017-06-15,628655.0
2017-06-16,631783.0
2017-06-17,560708.0
2017-06-18,557480.0
2017-06-19,683063.0
2017-06-20,692663.0
2017-06-21,691428.0
2017-06-22,692834.0
2017-06-23,629563.0
2017-06-24,553288.0
2017-06-25,542386.0
2017-06-26,658831.0
2017-06-27,695492.0
2017-06-28,693479.0
2017-06-29,687777.0
2017-06-30,677484.0
2017-07-01,557768.0
2017-07-02,521101.0
2017-07-03,649623.0
2017-07-04,692172.0
2017-07-05,677275.0
2017-07-06,692202.0
2017-07-07,678619.0
2017-07-08,575601.0
2017-07-09,569117.0
2017-07-10,684573.0
2017-07-11,716047.0
2017-07-12,665667.0
2017-07-13,661393.0
2017-07-14,635361.0
2017-07-15,578378.0
2017-07-16,563990.0
2017-07-17,638323.0
2017-07-18,661030.0
2017-07-19,690211.0
2017-07-20,663248.0
2017-07-21,641502.0
2017-07-22,582934.0
2017-07-23,571728.0
2017-07-24,643121.0
2017-07-25,666082.0
2017-07-26,654882.0
2017-07-27,632718.0
2017-07-28,622769.0
2017-07-29,568613.0
2017-07-30,541750.0
2017-07-31,620725.0
2017-08-01,636748.0
2017-08-02,661017.0
2017-08-03,619948.0
2017-08-04,603830.0
2017-08-05,558377.0
2017-08-06,537931.0
2017-08-07,652107.0
2017-08-08,681940.0
2017-08-09,660389.0
2017-08-10,643316.0
2017-08-11,628826.0
2017-08-12,572486.0
2017-08-13,553774.0
2017-08-14,657204.0
2017-08-15,645206.0
2017-08-16,640327.0
2017-08-17,648184.0
2017-08-18,613213.0
2017-08-19,525234.0
2017-08-20,568750.0
2017-08-21,692239.0
2017-08-22,695300.0
2017-08-23,682113.0
2017-08-24,666567.0
2017-08-25,652323.0
2017-08-26,583623.0
2017-08-27,545626.0
2017-08-28,552691.0
2017-08-29,679402.0
2017-08-30,693718.0
2017-08-31,681775.0
2017-09-01,656555.0
2017-09-02,581165.0
2017-09-03,578588.0
2017-09-04,700459.0
2017-09-05,705804.0
2017-09-06,671416.0
2017-09-07,689352.0
2017-09-08,669051.0
2017-09-09,600690.0
2017-09-10,580368.0
2017-09-11,639871.0
2017-09-12,663907.0
2017-09-13,660870.0
2017-09-14,680409.0
2017-09-15,695378.0
2017-09-16,638949.0
2017-09-17,627980.0
2017-09-18,726111.0
2017-09-19,726999.0
2017-09-20,722152.0
2017-09-21,725925.0
2017-09-22,691718.0
2017-09-23,617252.0
2017-09-24,611005.0
2017-09-25,743813.0
2017-09-26,735990.0
2017-09-27,714971.0
2017-09-28,713144.0
2017-09-29,703279.0
2017-09-30,646787.0
2017-10-01,611381.0
2017-10-02,658687.0
2017-10-03,692076.0
2017-10-04,718530.0
2017-10-05,683643.0
2017-10-06,718617.0
2017-10-07,635902.0
2017-10-08,653161.0
2017-10-09,750273.0
2017-10-10,715410.0
2017-10-11,706163.0
2017-10-12,708258.0
2017-10-13,688909.0
2017-10-14,633769.0
2017-10-15,607639.0
2017-10-16,710437.0
2017-10-17,712301.0
2017-10-18,786531.0
2017-10-19,775005.0
2017-10-20,734260.0
2017-10-21,618880.0
2017-10-22,606325.0
2017-10-23,766004.0
2017-10-24,743527.0
2017-10-25,717517.0
2017-10-26,772314.0
2017-10-27,731362.0
2017-10-28,627750.0
2017-10-29,663570.0
2017-10-30,798852.0
2017-10-31,786571.0
2017-11-01,780409.0
2017-11-02,821133.0
2017-11-03,798813.0
2017-11-04,703091.0
2017-11-05,689355.0
2017-11-06,813013.0
2017-11-07,827185.0
2017-11-08,837463.0
2017-11-09,818570.0
2017-11-10,767145.0
2017-11-11,760381.0
2017-11-12,697514.0
2017-11-13,873951.0
2017-11-14,868725.0
2017-11-15,863087.0
2017-11-16,813292.0
2017-11-17,825783.0
2017-11-18,751855.0
2017-11-19,768453.0
2017-11-20,842482.0
2017-11-21,814913.0
2017-11-22,790335.0
2017-11-23,799359.0
2017-11-24,851332.0
2017-11-25,772807.0
2017-11-26,761098.0
2017-11-27,844576.0
2017-11-28,875975.0
2017-11-29,892468.0
2017-11-30,898715.0
2017-12-01,908404.0
2017-12-02,831565.0
2017-12-03,787445.0
2017-12-04,881435.0
2017-12-05,870024.0
2017-12-06,829309.0
2017-12-07,816825.0
2017-12-08,864018.0
2017-12-09,860731.0
2017-12-10,867568.0
2017-12-11,961756.0
2017-12-12,974230.0
2017-12-13,928847.0
2017-12-14,926481.0
2017-12-15,906875.0
2017-12-16,867562.0
2017-12-17,834354.0
2017-12-18,923273.0
2017-12-19,925308.0
2017-12-20,889205.0
2017-12-21,872937.0
2017-12-22,814338.0
2017-12-23,706236.0
2017-12-24,663480.0
2017-12-25,630712.0
2017-12-26,666083.0
2017-12-27,764627.0
2017-12-28,802349.0
2017-12-29,807001.0
2017-12-30,729502.0
2017-12-31,671319.0
2018-01-01,695291.0
2018-01-02,834378.0
2018-01-03,825531.0
2018-01-04,871511.0
2018-01-05,884003.0
2018-01-06,804579.0
2018-01-07,798518.0
2018-01-08,927968.0
2018-01-09,938091.0
2018-01-10,919063.0
2018-01-11,931728.0
2018-01-12,903563.0
2018-01-13,803820.0
2018-01-14,786673.0
2018-01-15,847547.0
2018-01-16,866456.0
2018-01-17,881558.0
2018-01-18,893051.0
2018-01-19,886656.0
2018-01-20,861706.0
2018-01-21,835810.0
2018-01-22,864205.0
2018-01-23,827299.0
2018-01-24,820518.0
2018-01-25,857482.0
2018-01-26,888777.0
2018-01-27,754764.0
2018-01-28,705271.0
2018-01-29,816816.0
2018-01-30,860242.0
2018-01-31,833878.0
2018-02-01,844232.0
2018-02-02,871621.0
2018-02-03,836863.0
2018-02-04,803870.0
2018-02-05,930890.0
2018-02-06,942719.0
2018-02-07,925814.0
2018-02-08,903118.0
2018-02-09,872733.0
2018-02-10,799495.0
2018-02-11,731790.0
2018-02-12,865779.0
2018-02-13,892368.0
2018-02-14,897218.0
2018-02-15,826030.0
2018-02-16,839751.0
2018-02-17,774120.0
2018-02-18,783316.0
2018-02-19,879230.0
2018-02-20,827380.0
2018-02-21,886598.0
2018-02-22,890418.0
2018-02-23,874057.0
2018-02-24,765096.0
2018-02-25,760807.0
2018-02-26,926800.0
2018-02-27,955920.0
2018-02-28,941352.0
2018-03-01,963150.0
2018-03-02,950147.0
2018-03-03,877994.0
2018-03-04,843747.0
2018-03-05,914883.0
2018-03-06,896620.0
2018-03-07,882412.0
2018-03-08,864434.0
2018-03-09,876027.0
2018-03-10,752930.0
2018-03-11,742117.0
2018-03-12,865702.0
2018-03-13,854958.0
2018-03-14,796004.0
2018-03-15,809666.0
2018-03-16,781887.0
2018-03-17,768698.0
2018-03-18,810507.0
2018-03-19,890205.0
2018-03-20,903956.0
2018-03-21,842661.0
2018-03-22,825777.0
2018-03-23,779239.0
2018-03-24,769366.0
2018-03-25,675496.0
2018-03-26,801375.0
2018-03-27,807778.0
2018-03-28,843792.0
2018-03-29,841712.0
2018-03-30,763758.0
2018-03-31,729669.0
2018-04-01,720232.0
2018-04-02,731379.0
2018-04-03,777249.0
2018-04-04,793905.0
2018-04-05,755001.0
2018-04-06,720871.0
2018-04-07,712141.0
2018-04-08,707065.0
2018-04-09,804187.0
2018-04-10,799896.0
2018-04-11,806402.0
2018-04-12,813111.0
2018-04-13,819664.0
2018-04-14,671760.0
2018-04-15,660284.0
2018-04-16,704233.0
2018-04-17,692896.0
2018-04-18,671173.0
2018-04-19,685909.0
2018-04-20,673149.0
2018-04-21,603008.0
2018-04-22,571612.0
2018-04-23,648124.0
2018-04-24,717553.0
2018-04-25,676265.0
2018-04-26,663669.0
2018-04-27,768207.0
2018-04-28,694166.0
2018-04-29,669493.0
2018-04-30,739167.0
2018-05-01,705218.0
2018-05-02,709787.0
2018-05-03,709704.0
2018-05-04,699470.0
2018-05-05,574671.0
2018-05-06,542256.0
2018-05-07,573971.0
2018-05-08,661819.0
2018-05-09,666802.0
2018-05-10,651763.0
2018-05-11,640234.0
2018-05-12,627669.0
2018-05-13,581621.0
2018-05-14,644237.0
2018-05-15,657112.0
2018-05-16,674582.0
2018-05-17,660313.0
2018-05-18,661354.0
2018-05-19,562834.0
2018-05-20,535580.0
2018-05-21,653615.0
2018-05-22,624250.0
2018-05-23,641828.0
2018-05-24,680488.0
2018-05-25,677676.0
2018-05-26,546203.0
2018-05-27,531309.0
2018-05-28,574243.0
2018-05-29,655183.0
2018-05-30,694496.0
2018-05-31,692592.0
2018-06-01,676675.0
2018-06-02,597359.0
2018-06-03,565057.0
2018-06-04,676539.0
2018-06-05,671680.0
2018-06-06,649903.0
2018-06-07,670572.0
2018-06-08,670623.0
2018-06-09,587569.0
2018-06-10,561039.0
2018-06-11,640338.0
2018-06-12,672258.0
2018-06-13,642194.0
2018-06-14,596754.0
2018-06-15,634517.0
2018-06-16,573105.0
2018-06-17,561679.0
2018-06-18,618167.0
2018-06-19,668710.0
2018-06-20,648489.0
2018-06-21,600636.0
2018-06-22,610137.0
2018-06-23,558079.0
2018-06-24,540064.0
2018-06-25,649444.0
2018-06-26,664760.0
2018-06-27,656960.0
2018-06-28,656253.0
2018-06-29,633285.0
2018-06-30,545483.0
2018-07-01,554028.0
2018-07-02,638868.0
2018-07-03,642234.0
2018-07-04,669900.0
2018-07-05,669801.0
2018-07-06,659617.0
2018-07-07,590599.0
2018-07-08,566902.0
2018-07-09,678739.0
2018-07-10,670085.0
2018-07-11,679078.0
2018-07-12,683736.0
2018-07-13,672045.0
2018-07-14,578129.0
2018-07-15,556048.0
2018-07-16,679052.0
2018-07-17,679416.0
2018-07-18,685797.0
2018-07-19,672205.0
2018-07-20,666998.0
2018-07-21,585810.0
2018-07-22,560552.0
2018-07-23,674823.0
2018-07-24,680824.0
2018-07-25,664454.0
2018-07-26,675714.0
2018-07-27,673037.0
2018-07-28,509026.0
2018-07-29,535443.0
2018-07-30,640480.0
2018-07-31,612885.0
2018-08-01,619166.0
2018-08-02,650423.0
2018-08-03,667953.0
2018-08-04,571139.0
2018-08-05,548556.0
2018-08-06,645588.0
2018-08-07,670147.0
2018-08-08,643804.0
2018-08-09,658449.0
2018-08-10,635883.0
2018-08-11,568549.0
2018-08-12,577643.0
2018-08-13,659796.0
2018-08-14,662709.0
2018-08-15,639732.0
2018-08-16,643028.0
2018-08-17,612660.0
2018-08-18,563527.0
2018-08-19,565798.0
2018-08-20,690470.0
2018-08-21,677875.0
2018-08-22,673747.0
2018-08-23,659803.0
2018-08-24,609189.0
2018-08-25,553189.0
2018-08-26,576814.0
2018-08-27,571052.0
2018-08-28,674065.0
2018-08-29,674457.0
2018-08-30,673092.0
2018-08-31,639608.0
2018-09-01,576305.0
2018-09-02,555762.0
2018-09-03,675965.0
2018-09-04,697186.0
2018-09-05,688534.0
2018-09-06,697401.0
2018-09-07,643529.0
2018-09-08,608918.0
2018-09-09,551876.0
2018-09-10,647966.0
2018-09-11,666398.0
2018-09-12,685140.0
2018-09-13,663193.0
2018-09-14,659425.0
2018-09-15,599007.0
2018-09-16,560821.0
2018-09-17,666182.0
2018-09-18,642350.0
2018-09-19,639461.0
2018-09-20,691479.0
2018-09-21,618861.0
2018-09-22,644290.0
2018-09-23,625278.0
2018-09-24,695589.0
2018-09-25,686298.0
2018-09-26,671784.0
2018-09-27,671054.0
2018-09-28,684082.0
2018-09-29,593298.0
2018-09-30,604532.0
2018-10-01,701095.0
2018-10-02,687543.0
2018-10-03,723154.0
2018-10-04,712111.0
2018-10-05,723120.0
2018-10-06,662118.0
2018-10-07,614472.0
2018-10-08,696211.0
2018-10-09,667110.0
2018-10-10,692993.0
2018-10-11,698043.0
2018-10-12,672338.0
2018-10-13,604827.0
2018-10-14,652739.0
2018-10-15,758829.0
2018-10-16,743812.0
2018-10-17,758273.0
2018-10-18,748803.0
2018-10-19,723744.0
2018-10-20,639193.0
2018-10-21,609777.0
2018-10-22,699357.0
2018-10-23,696456.0
2018-10-24,711033.0
2018-10-25,747352.0
2018-10-26,718569.0
2018-10-27,692381.0
2018-10-28,725971.0
2018-10-29,819522.0
2018-10-30,847542.0
2018-10-31,826912.0
2018-11-01,824872.0
2018-11-02,798063.0
2018-11-03,663065.0
2018-11-04,692194.0
2018-11-05,798244.0
2018-11-06,774232.0
2018-11-07,767931.0
2018-11-08,781223.0
2018-11-09,759500.0
2018-11-10,704382.0
2018-11-11,694982.0
2018-11-12,764328.0
2018-11-13,764277.0
2018-11-14,758637.0
2018-11-15,789715.0
2018-11-16,805990.0
2018-11-17,702839.0
2018-11-18,699829.0
2018-11-19,822096.0
2018-11-20,854937.0
2018-11-21,880765.0
2018-11-22,915129.0
2018-11-23,892479.0
2018-11-24,791796.0
2018-11-25,770307.0
2018-11-26,880623.0
2018-11-27,880236.0
2018-11-28,819327.0
2018-11-29,791664.0
2018-11-30,778332.0
2018-12-01,763065.0
2018-12-02,711812.0
2018-12-03,814978.0
2018-12-04,890728.0
2018-12-05,890607.0
2018-12-06,827858.0
2018-12-07,765103.0
2018-12-08,704164.0
2018-12-09,724712.0
2018-12-10,875950.0
2018-12-11,886147.0
2018-12-12,853832.0
2018-12-13,863467.0
2018-12-14,902789.0
2018-12-15,806640.0
2018-12-16,799898.0
2018-12-17,871390.0
2018-12-18,834990.0
2018-12-19,853294.0
2018-12-20,836609.0
2018-12-21,804605.0
2018-12-22,714413.0
2018-12-23,746415.0
2018-12-24,766575.0
2018-12-25,693724.0
2018-12-26,666593.0
2018-12-27,752264.0
2018-12-28,750052.0
2018-12-29,677738.0
2018-12-30,690785.0
2018-12-31,691560.0
2019-01-01,661036.0
2019-01-02,838629.0
2019-01-03,892604.0
2019-01-04,894569.0
2019-01-05,822021.0
2019-01-06,783356.0
2019-01-07,813761.0
2019-01-08,823787.0
2019-01-09,890875.0
2019-01-10,915877.0
2019-01-11,877131.0
2019-01-12,728887.0
2019-01-13,682736.0
2019-01-14,845225.0
2019-01-15,829752.0
2019-01-16,837968.0
2019-01-17,867750.0
2019-01-18,908428.0
2019-01-19,840763.0
2019-01-20,822399.0
2019-01-21,904580.0
2019-01-22,917159.0
2019-01-23,934713.0
2019-01-24,943812.0
2019-01-25,851430.0
2019-01-26,740518.0
2019-01-27,714756.0
2019-01-28,871804.0
2019-01-29,931776.0
2019-01-30,935731.0
2019-01-31,959557.0
2019-02-01,931261.0
2019-02-02,825479.0
2019-02-03,804104.0
2019-02-04,869891.0
2019-02-05,904125.0
2019-02-06,862681.0
2019-02-07,838587.0
2019-02-08,798655.0
2019-02-09,708219.0
2019-02-10,757421.0
2019-02-11,859439.0
2019-02-12,852335.0
2019-02-13,814408.0
2019-02-14,811257.0
2019-02-15,787447.0
2019-02-16,713121.0
2019-02-17,657296.0
2019-02-18,779560.0
2019-02-19,801793.0
2019-02-20,777631.0
2019-02-21,772433.0
2019-02-22,758493.0
2019-02-23,678244.0
2019-02-24,683026.0
2019-02-25,771725.0
2019-02-26,772140.0
2019-02-27,771547.0
2019-02-28,820602.0
2019-03-01,809586.0
2019-03-02,663292.0
2019-03-03,666315.0
2019-03-04,754645.0
2019-03-05,790637.0
2019-03-06,791930.0
2019-03-07,769817.0
2019-03-08,791921.0
2019-03-09,662273.0
2019-03-10,677682.0
2019-03-11,751022.0
2019-03-12,789824.0
2019-03-13,754479.0
2019-03-14,740158.0
2019-03-15,727293.0
2019-03-16,692601.0
2019-03-17,651473.0
2019-03-18,808332.0
2019-03-19,799511.0
2019-03-20,770289.0
2019-03-21,771503.0
2019-03-22,743524.0
2019-03-23,681080.0
2019-03-24,609917.0
2019-03-25,720836.0
2019-03-26,760175.0
2019-03-27,772059.0
2019-03-28,740703.0
2019-03-29,709054.0
2019-03-30,652732.0
2019-03-31,614179.0
2019-04-01,726959.0
2019-04-02,790556.0
2019-04-03,791353.0
2019-04-04,791581.0
2019-04-05,739494.0
2019-04-06,683057.0
2019-04-07,663842.0
2019-04-08,733644.0
2019-04-09,748018.0
2019-04-10,731431.0
2019-04-11,746924.0
2019-04-12,752212.0
2019-04-13,647419.0
2019-04-14,649624.0
2019-04-15,687331.0
2019-04-16,747248.0
2019-04-17,703601.0
2019-04-18,668221.0
2019-04-19,596003.0
2019-04-20,565194.0
2019-04-21,516085.0
2019-04-22,548974.0
2019-04-23,644274.0
2019-04-24,675115.0
2019-04-25,678131.0
2019-04-26,657399.0
2019-04-27,597014.0
2019-04-28,620272.0
2019-04-29,714090.0
2019-04-30,704168.0
2019-05-01,720289.0
2019-05-02,705575.0
2019-05-03,718643.0
2019-05-04,580057.0
2019-05-05,609136.0
2019-05-06,646325.0
2019-05-07,714039.0
2019-05-08,720053.0
2019-05-09,728681.0
2019-05-10,718616.0
2019-05-11,621968.0
2019-05-12,581989.0
2019-05-13,645401.0
2019-05-14,642633.0
2019-05-15,650471.0
2019-05-16,639883.0
2019-05-17,677862.0
2019-05-18,617901.0
2019-05-19,594441.0
2019-05-20,661982.0
2019-05-21,642717.0
2019-05-22,641604.0
2019-05-23,627781.0
2019-05-24,624474.0
2019-05-25,558954.0
2019-05-26,514458.0
2019-05-27,543032.0
2019-05-28,640378.0
2019-05-29,671673.0
2019-05-30,615731.0
2019-05-31,610856.0
2019-06-01,551834.0
2019-06-02,517714.0
2019-06-03,586956.0
2019-06-04,677597.0
2019-06-05,648003.0
2019-06-06,627368.0
2019-06-07,655383.0
2019-06-08,551645.0
2019-06-09,546354.0
2019-06-10,674408.0
2019-06-11,659980.0
2019-06-12,687007.0
2019-06-13,697994.0
2019-06-14,663340.0
2019-06-15,577390.0
2019-06-16,546585.0
2019-06-17,615708.0
2019-06-18,672453.0
2019-06-19,676264.0
2019-06-20,629457.0
2019-06-21,618833.0
2019-06-22,544735.0
2019-06-23,553579.0
2019-06-24,663447.0
2019-06-25,679760.0
2019-06-26,658533.0
2019-06-27,612883.0
2019-06-28,594709.0
2019-06-29,560304.0
2019-06-30,507556.0
2019-07-01,590459.0
2019-07-02,634945.0
2019-07-03,641175.0
2019-07-04,617388.0
2019-07-05,613970.0
2019-07-06,568792.0
2019-07-07,547992.0
2019-07-08,639408.0
2019-07-09,668920.0
2019-07-10,658115.0
2019-07-11,656133.0
2019-07-12,624712.0
2019-07-13,572080.0
2019-07-14,555978.0
2019-07-15,641342.0
2019-07-16,647567.0
2019-07-17,651528.0
2019-07-18,634467.0
2019-07-19,651730.0
2019-07-20,531848.0
2019-07-21,522885.0
2019-07-22,595789.0
2019-07-23,644036.0
2019-07-24,660843.0
2019-07-25,670093.0
2019-07-26,671331.0
2019-07-27,591854.0
2019-07-28,551923.0
2019-07-29,619014.0
2019-07-30,631791.0
2019-07-31,619275.0
2019-08-01,631856.0
2019-08-02,623697.0
2019-08-03,569490.0
2019-08-04,555259.0
2019-08-05,612024.0
2019-08-06,616654.0
2019-08-07,604096.0
2019-08-08,630093.0
2019-08-09,600480.0
2019-08-10,518062.0
2019-08-11,519047.0
2019-08-12,626694.0
2019-08-13,623632.0
2019-08-14,673685.0
2019-08-15,597238.0
2019-08-16,621156.0
2019-08-17,499674.0
2019-08-18,488027.0
2019-08-19,590517.0
2019-08-20,626311.0
2019-08-21,618808.0
2019-08-22,610682.0
2019-08-23,609539.0
2019-08-24,548961.0
2019-08-25,543826.0
2019-08-26,578031.0
2019-08-27,669414.0
2019-08-28,668532.0
2019-08-29,612835.0
2019-08-30,582938.0
2019-08-31,517415.0
2019-09-01,512677.0
2019-09-02,613287.0
2019-09-03,634186.0
2019-09-04,602847.0
2019-09-05,611414.0
2019-09-06,615641.0
2019-09-07,574728.0
2019-09-08,560329.0
2019-09-09,696147.0
2019-09-10,669707.0
2019-09-11,635885.0
2019-09-12,653546.0
2019-09-13,630329.0
2019-09-14,541481.0
2019-09-15,558664.0
2019-09-16,685747.0
2019-09-17,654002.0
2019-09-18,676803.0
2019-09-19,671053.0
2019-09-20,634233.0
2019-09-21,540906.0
2019-09-22,597150.0
2019-09-23,660560.0
2019-09-24,687441.0
2019-09-25,698440.0
2019-09-26,644925.0
2019-09-27,643795.0
2019-09-28,574950.0
2019-09-29,588676.0
2019-09-30,705106.0
2019-10-01,698677.0
2019-10-02,694427.0
2019-10-03,741705.0
2019-10-04,699007.0
2019-10-05,643979.0
2019-10-06,597798.0
2019-10-07,709328.0
2019-10-08,668379.0
2019-10-09,682819.0
2019-10-10,679346.0
2019-10-11,681360.0
2019-10-12,657025.0
2019-10-13,662874.0
2019-10-14,759439.0
2019-10-15,749616.0
2019-10-16,724702.0
2019-10-17,737472.0
2019-10-18,728158.0
2019-10-19,654273.0
2019-10-20,649016.0
2019-10-21,765563.0
2019-10-22,757151.0
2019-10-23,760076.0
2019-10-24,763044.0
2019-10-25,756473.0
2019-10-26,686996.0
2019-10-27,669351.0
2019-10-28,798179.0
2019-10-29,795661.0
2019-10-30,784377.0
2019-10-31,801310.0
2019-11-01,774989.0
2019-11-02,687323.0
2019-11-03,687443.0
2019-11-04,784416.0
2019-11-05,791117.0
2019-11-06,834847.0
2019-11-07,809544.0
2019-11-08,818313.0
2019-11-09,783126.0
2019-11-10,737070.0
2019-11-11,792824.0
2019-11-12,813769.0
2019-11-13,851882.0
2019-11-14,846982.0
2019-11-15,833549.0
2019-11-16,776450.0
2019-11-17,769810.0
2019-11-18,852961.0
2019-11-19,895257.0
2019-11-20,854290.0
2019-11-21,867909.0
2019-11-22,843500.0
2019-11-23,753332.0
2019-11-24,755621.0
2019-11-25,830442.0
2019-11-26,822145.0
2019-11-27,832436.0
2019-11-28,822238.0
2019-11-29,852003.0
2019-11-30,807981.0
2019-12-01,791706.0
2019-12-02,889015.0
2019-12-03,872241.0
2019-12-04,869176.0
2019-12-05,841505.0
2019-12-06,786835.0
2019-12-07,713851.0
2019-12-08,662697.0
2019-12-09,809238.0
2019-12-10,825585.0
2019-12-11,845921.0
2019-12-12,879335.0
2019-12-13,830087.0
2019-12-14,733251.0
2019-12-15,740290.0
2019-12-16,855135.0
2019-12-17,889217.0
2019-12-18,863253.0
2019-12-19,809905.0
2019-12-20,811493.0
2019-12-21,745594.0
2019-12-22,723522.0
2019-12-23,744340.0
2019-12-24,724290.0
2019-12-25,660628.0
2019-12-26,658089.0
2019-12-27,728337.0
2019-12-28,686788.0
2019-12-29,661811.0
2019-12-30,721413.0
2019-12-31,742765.0
2020-01-01,692762.0
2020-01-02,739368.0
2020-01-03,763414.0
2020-01-04,711552.0
2020-01-05,702943.0
2020-01-06,783669.0
2020-01-07,781636.0
2020-01-08,804374.0
2020-01-09,814856.0
2020-01-10,806082.0
2020-01-11,685344.0
2020-01-12,700590.0
2020-01-13,789119.0
2020-01-14,796501.0
2020-01-15,786578.0
2020-01-16,792408.0
2020-01-17,812024.0
2020-01-18,755290.0
2020-01-19,772212.0
2020-01-20,861533.0
2020-01-21,876145.0
2020-01-22,874738.0
2020-01-23,869252.0
2020-01-24,856672.0
2020-01-25,765132.0
2020-01-26,724627.0
2020-01-27,822663.0
2020-01-28,826387.0
2020-01-29,805150.0
2020-01-30,796737.0
2020-01-31,756336.0
2020-02-01,654053.0
2020-02-02,694917.0
2020-02-03,752924.0
2020-02-04,801872.0
2020-02-05,851550.0
2020-02-06,851723.0
2020-02-07,796930.0
2020-02-08,665056.0
2020-02-09,683551.0
2020-02-10,777792.0
2020-02-11,791815.0
2020-02-12,811697.0
2020-02-13,834448.0
2020-02-14,803869.0
2020-02-15,701296.0
2020-02-16,664755.0
2020-02-17,755094.0
2020-02-18,780673.0
2020-02-19,812381.0
2020-02-20,780364.0
2020-02-21,765767.0
2020-02-22,662849.0
2020-02-23,681247.0
2020-02-24,796626.0
2020-02-25,808546.0
2020-02-26,818291.0
2020-02-27,822686.0
2020-02-28,838491.0
2020-02-29,675016.0
2020-03-01,662144.0
2020-03-02,798546.0
2020-03-03,819968.0
2020-03-04,860180.0
2020-03-05,871550.0
2020-03-06,816782.0
2020-03-07,693773.0
2020-03-08,637031.0
2020-03-09,766085.0
2020-03-10,737097.0
2020-03-11,721832.0
2020-03-12,719982.0
2020-03-13,778354.0
2020-03-14,681630.0
2020-03-15,658146.0
2020-03-16,737439.0
2020-03-17,732195.0
2020-03-18,773170.0
2020-03-19,796580.0
2020-03-20,741195.0
2020-03-21,624674.0
2020-03-22,623340.0
2020-03-23,688279.0
2020-03-24,642432.0
2020-03-25,642604.0
2020-03-26,644496.0
2020-03-27,617060.0
2020-03-28,566177.0
2020-03-29,550703.0
2020-03-30,671376.0
2020-03-31,683754.0
2020-04-01,684231.0
2020-04-02,611224.0
2020-04-03,635433.0
2020-04-04,559021.0
2020-04-05,493464.0
2020-04-06,547864.0
2020-04-07,577167.0
2020-04-08,579871.0
2020-04-09,562646.0
2020-04-10,525383.0
2020-04-11,495788.0
2020-04-12,498732.0
2020-04-13,490739.0
2020-04-14,566277.0
2020-04-15,553727.0
2020-04-16,550866.0
2020-04-17,550576.0
2020-04-18,563355.0
2020-04-19,496104.0
2020-04-20,501981.0
2020-04-21,499858.0
2020-04-22,518565.0
2020-04-23,546469.0
2020-04-24,539572.0
2020-04-25,511715.0
2020-04-26,506348.0
2020-04-27,576055.0
2020-04-28,635941.0
2020-04-29,607419.0
2020-04-30,592714.0
2020-05-01,570700.0
2020-05-02,520088.0
2020-05-03,560661.0
2020-05-04,557190.0
2020-05-05,543065.0
2020-05-06,546289.0
2020-05-07,545359.0
2020-05-08,507834.0
2020-05-09,479905.0
2020-05-10,482520.0
2020-05-11,535303.0
2020-05-12,575618.0
2020-05-13,579887.0
2020-05-14,567479.0
2020-05-15,551536.0
2020-05-16,504733.0
2020-05-17,485432.0
2020-05-18,522696.0
2020-05-19,549543.0
2020-05-20,538842.0
2020-05-21,539874.0
2020-05-22,456892.0
2020-05-23,433347.0
2020-05-24,450158.0
2020-05-25,468873.0
2020-05-26,533986.0
2020-05-27,541803.0
2020-05-28,524907.0
2020-05-29,504297.0
2020-05-30,455243.0
2020-05-31,449921.0
2020-06-01,533373.0
2020-06-02,542108.0
2020-06-03,569606.0
2020-06-04,575953.0
2020-06-05,516758.0
2020-06-06,484043.0
2020-06-07,514633.0
2020-06-08,582093.0
2020-06-09,591598.0
2020-06-10,618623.0
2020-06-11,560738.0
2020-06-12,559847.0
2020-06-13,504886.0
2020-06-14,505975.0
2020-06-15,570220.0
2020-06-16,588626.0
2020-06-17,595123.0
2020-06-18,613025.0
2020-06-19,567213.0
2020-06-20,487149.0
2020-06-21,459348.0
2020-06-22,517151.0
2020-06-23,538797.0
2020-06-24,562804.0
2020-06-25,569146.0
2020-06-26,581164.0
2020-06-27,492730.0
2020-06-28,421458.0
2020-06-29,515746.0
2020-06-30,586166.0
2020-07-01,595308.0
2020-07-02,597888.0
2020-07-03,546254.0
2020-07-04,518784.0
2020-07-05,446985.0
2020-07-06,535206.0
2020-07-07,608785.0
2020-07-08,629501.0
2020-07-09,627268.0
2020-07-10,573455.0
2020-07-11,504889.0
2020-07-12,488721.0
2020-07-13,579491.0
2020-07-14,599745.0
2020-07-15,617150.0
2020-07-16,597118.0
2020-07-17,578623.0
2020-07-18,525793.0
2020-07-19,498658.0
2020-07-20,559429.0
2020-07-21,582398.0
2020-07-22,583043.0
2020-07-23,585875.0
2020-07-24,581994.0
2020-07-25,524810.0
2020-07-26,484565.0
2020-07-27,567510.0
2020-07-28,522541.0
2020-07-29,564711.0
2020-07-30,578488.0
2020-07-31,568372.0
2020-08-01,531826.0
2020-08-02,502791.0
2020-08-03,576121.0
2020-08-04,571432.0
2020-08-05,572508.0
2020-08-06,630359.0
2020-08-07,609342.0
2020-08-08,541070.0
2020-08-09,522825.0
2020-08-10,620869.0
2020-08-11,645154.0
2020-08-12,651051.0
2020-08-13,644204.0
2020-08-14,633400.0
2020-08-15,578988.0
2020-08-16,569640.0
2020-08-17,629989.0
2020-08-18,621910.0
2020-08-19,642476.0
2020-08-20,556986.0
2020-08-21,540106.0
2020-08-22,486521.0
2020-08-23,529708.0
2020-08-24,609488.0
2020-08-25,587308.0
2020-08-26,598056.0
2020-08-27,656741.0
2020-08-28,593367.0
2020-08-29,521327.0
2020-08-30,535626.0
2020-08-31,565191.0
2020-09-01,614252.0
2020-09-02,611761.0
2020-09-03,610765.0
2020-09-04,598814.0
2020-09-05,530681.0
2020-09-06,562490.0
2020-09-07,623419.0
2020-09-08,627939.0
2020-09-09,615745.0
2020-09-10,639700.0
2020-09-11,604421.0
2020-09-12,523246.0
2020-09-13,502239.0
2020-09-14,621888.0
2020-09-15,658309.0
2020-09-16,639624.0
2020-09-17,625278.0
2020-09-18,600898.0
2020-09-19,539347.0
2020-09-20,556794.0
2020-09-21,641532.0
2020-09-22,642179.0
2020-09-23,680900.0
2020-09-24,662795.0
2020-09-25,605540.0
2020-09-26,569923.0
2020-09-27,595792.0
2020-09-28,700202.0
2020-09-29,688642.0
2020-09-30,685718.0
2020-10-01,694500.0
2020-10-02,689926.0
2020-10-03,646402.0
2020-10-04,635723.0
2020-10-05,703586.0
2020-10-06,687696.0
2020-10-07,674622.0
2020-10-08,704310.0
2020-10-09,679776.0
2020-10-10,630998.0
2020-10-11,628908.0
2020-10-12,748222.0
2020-10-13,724568.0
2020-10-14,713105.0
2020-10-15,733732.0
2020-10-16,741577.0
2020-10-17,678394.0
2020-10-18,676517.0
2020-10-19,701140.0
2020-10-20,696108.0
2020-10-21,741837.0
2020-10-22,710478.0
2020-10-23,713222.0
2020-10-24,634932.0
2020-10-25,630797.0
2020-10-26,700784.0
2020-10-27,740059.0
2020-10-28,716863.0
2020-10-29,732716.0
2020-10-30,707998.0
2020-10-31,605294.0
2020-11-01,598740.0
2020-11-02,676158.0
2020-11-03,757287.0
2020-11-04,780267.0
2020-11-05,778546.0
2020-11-06,757290.0
2020-11-07,696969.0
2020-11-08,690296.0
2020-11-09,749779.0
2020-11-10,739758.0
2020-11-11,699069.0
2020-11-12,690582.0
2020-11-13,689457.0
2020-11-14,640153.0
2020-11-15,618153.0
2020-11-16,702402.0
2020-11-17,693300.0
2020-11-18,683265.0
2020-11-19,748464.0
2020-11-20,758517.0
2020-11-21,639738.0
2020-11-22,668191.0
2020-11-23,755149.0
2020-11-24,730170.0
2020-11-25,792775.0
2020-11-26,806532.0
2020-11-27,812879.0
2020-11-28,739330.0
2020-11-29,739000.0
2020-11-30,773177.0
2020-12-01,820362.0
2020-12-02,832292.0
2020-12-03,860322.0
2020-12-04,823106.0
2020-12-05,769392.0
2020-12-06,789168.0
2020-12-07,874629.0
2020-12-08,871849.0
2020-12-09,871091.0
2020-12-10,843938.0
2020-12-11,821243.0
2020-12-12,756219.0
2020-12-13,730220.0
2020-12-14,766755.0
2020-12-15,799860.0
2020-12-16,789262.0
2020-12-17,779073.0
2020-12-18,729282.0
2020-12-19,651793.0
2020-12-20,670964.0
2020-12-21,770505.0
2020-12-22,785011.0
2020-12-23,748331.0
2020-12-24,703850.0
2020-12-25,690678.0
2020-12-26,604903.0
2020-12-27,650317.0
2020-12-28,749521.0
2020-12-29,772139.0
2020-12-30,791493.0
2020-12-31,791544.0
2021-01-01,731487.0
2021-01-02,749645.0
2021-01-03,750399.0
2021-01-04,839734.0
2021-01-05,860164.0
2021-01-06,890637.0
2021-01-07,898124.0
2021-01-08,888499.0
2021-01-09,816634.0
2021-01-10,788147.0
2021-01-11,799173.0
2021-01-12,837391.0
2021-01-13,863747.0
2021-01-14,853647.0
2021-01-15,868694.0
2021-01-16,732118.0
2021-01-17,719893.0
2021-01-18,807603.0
2021-01-19,789419.0
2021-01-20,784973.0
2021-01-21,781346.0
2021-01-22,799229.0
2021-01-23,781330.0
2021-01-24,801648.0
2021-01-25,840254.0
2021-01-26,883622.0
2021-01-27,843770.0
2021-01-28,789992.0
2021-01-29,765535.0
2021-01-30,723504.0
2021-01-31,778090.0
2021-02-01,858759.0
2021-02-02,805062.0
2021-02-03,800732.0
2021-02-04,815819.0
2021-02-05,782451.0
2021-02-06,720686.0
2021-02-07,726762.0
2021-02-08,855565.0
2021-02-09,885535.0
2021-02-10,888517.0
2021-02-11,894588.0
2021-02-12,850310.0
2021-02-13,782017.0
2021-02-14,757806.0
2021-02-15,794081.0
2021-02-16,755130.0
2021-02-17,741948.0
2021-02-18,713876.0
2021-02-19,717319.0
2021-02-20,624229.0
2021-02-21,667548.0
2021-02-22,758693.0
2021-02-23,674907.0
2021-02-24,673691.0
2021-02-25,716392.0
2021-02-26,730763.0
2021-02-27,666892.0
2021-02-28,669806.0
2021-03-01,776032.0
2021-03-02,795572.0
2021-03-03,823617.0
2021-03-04,809641.0
2021-03-05,803874.0
2021-03-06,735108.0
2021-03-07,714095.0
2021-03-08,782571.0
2021-03-09,741936.0
2021-03-10,733348.0
2021-03-11,679650.0
2021-03-12,678757.0
2021-03-13,634730.0
2021-03-14,639319.0
2021-03-15,742252.0
2021-03-16,726210.0
2021-03-17,748687.0
2021-03-18,755834.0
2021-03-19,730618.0
2021-03-20,676928.0
2021-03-21,663108.0
2021-03-22,724223.0
2021-03-23,705993.0
2021-03-24,698927.0
2021-03-25,672793.0
2021-03-26,651781.0
2021-03-27,595381.0
2021-03-28,556145.0
2021-03-29,607442.0
2021-03-30,640386.0
2021-03-31,646764.0
2021-04-01,645754.0
2021-04-02,615369.0
2021-04-03,614214.0
2021-04-04,536381.0
2021-04-05,557312.0
2021-04-06,684336.0
2021-04-07,755827.0
2021-04-08,676449.0
2021-04-09,707478.0
2021-04-10,665597.0
2021-04-11,649608.0
2021-04-12,735821.0
2021-04-13,739300.0
2021-04-14,725041.0
2021-04-15,718835.0
2021-04-16,705818.0
2021-04-17,617032.0
2021-04-18,607469.0
2021-04-19,666242.0
2021-04-20,678147.0
2021-04-21,673408.0
2021-04-22,661315.0
2021-04-23,631670.0
2021-04-24,559426.0
2021-04-25,561465.0
2021-04-26,654672.0
2021-04-27,693528.0
2021-04-28,695262.0
2021-04-29,711256.0
2021-04-30,690504.0
2021-05-01,624182.0
2021-05-02,595820.0
2021-05-03,626720.0
2021-05-04,650185.0
2021-05-05,691402.0
2021-05-06,700921.0
2021-05-07,674685.0
2021-05-08,619107.0
2021-05-09,567338.0
2021-05-10,621401.0
2021-05-11,647421.0
2021-05-12,667951.0
2021-05-13,682043.0
2021-05-14,683602.0
2021-05-15,615928.0
2021-05-16,599787.0
2021-05-17,668886.0
2021-05-18,661858.0
2021-05-19,653081.0
2021-05-20,666401.0
2021-05-21,642776.0
2021-05-22,611333.0
2021-05-23,584929.0
2021-05-24,661934.0
2021-05-25,674427.0
2021-05-26,675912.0
2021-05-27,650236.0
2021-05-28,643288.0
2021-05-29,559528.0
2021-05-30,510635.0
2021-05-31,523884.0
2021-06-01,578838.0
2021-06-02,598251.0
2021-06-03,620628.0
2021-06-04,608816.0
2021-06-05,535046.0
2021-06-06,548546.0
2021-06-07,616430.0
2021-06-08,604329.0
2021-06-09,607618.0
2021-06-10,625592.0
2021-06-11,594446.0
2021-06-12,519170.0
2021-06-13,511584.0
2021-06-14,594358.0
2021-06-15,599142.0
2021-06-16,621035.0
2021-06-17,655965.0
2021-06-18,645537.0
2021-06-19,577962.0
2021-06-20,573710.0
2021-06-21,639942.0
2021-06-22,625568.0
2021-06-23,613329.0
2021-06-24,640179.0
2021-06-25,605465.0
2021-06-26,543308.0
2021-06-27,561471.0
2021-06-28,647972.0
2021-06-29,647695.0
2021-06-30,634803.0
2021-07-01,629371.0
2021-07-02,619259.0
2021-07-03,578902.0
2021-07-04,557866.0
2021-07-05,617504.0
2021-07-06,618989.0
2021-07-07,628662.0
2021-07-08,633124.0
2021-07-09,632220.0
2021-07-10,578815.0
2021-07-11,558330.0
2021-07-12,635792.0
2021-07-13,627643.0
2021-07-14,614639.0
2021-07-15,619706.0
2021-07-16,593986.0
2021-07-17,534996.0
2021-07-18,533808.0
2021-07-19,633703.0
2021-07-20,645278.0
2021-07-21,645442.0
2021-07-22,636913.0
2021-07-23,612369.0
2021-07-24,553598.0
2021-07-25,549753.0
2021-07-26,609955.0
2021-07-27,631936.0
2021-07-28,593510.0
2021-07-29,564516.0
2021-07-30,606398.0
2021-07-31,548151.0
2021-08-01,545099.0
2021-08-02,608402.0
2021-08-03,606870.0
2021-08-04,594511.0
2021-08-05,596782.0
2021-08-06,566709.0
2021-08-07,528771.0
2021-08-08,511378.0
2021-08-09,598506.0
2021-08-10,606851.0
2021-08-11,606775.0
2021-08-12,599532.0
2021-08-13,567374.0
2021-08-14,539090.0
2021-08-15,540922.0
2021-08-16,598526.0
2021-08-17,626249.0
2021-08-18,624089.0
2021-08-19,649463.0
2021-08-20,644518.0
2021-08-21,596857.0
2021-08-22,568906.0
2021-08-23,634758.0
